Раздел,Параметр,Значение1,Значение2,Значение3,Значение4,Значение5
Окрасы,Не более 1,10,,,,
Окрасы,2 - 3 окраса,5,,,,
Окрасы,4 и более,-5,,,,
Тех.состояние,Не требует вложений,10,,,,
Тех.состояние,Легко устранимые тех. недостатки.,10,,,,
Тех.состояние,"Серьезные недостатки. Не корректная работа ДВС, КПП и тд",-15,,,,
Доп.данные,Не применимо,0,,,,
Доп.данные,"Использовался в такси, каршеринге",-20,,,,
Доп.данные,Возраст авто до 2х лет,-2,,,,
Доп.данные,Более 3х ДТП,-11,,,,
Пробег в год,Пробег А,13000,10,,,
Пробег в год,Пробег В,18000,5,,,
Пробег в год,Пробег С,,0,,,
Порог категории,Категория А,30,,,,
Порог категории,Категория В,20,,,,
ПЦП автосалона,3047: АСП Краснодар Changan,99,97,92,Краснодар,Changan
ПЦП автосалона,3265: АСП Волгоград Chery,95,92,82,Волгоград,Chery
ПЦП автосалона,3515: АСП Казань Chery,96,91,78,Казань,Chery
ПЦП автосалона,3896: АСП Новосибирск Chery,94,94,84,Новосибирск,Chery
ПЦП автосалона,8991: АСП НН CHERY,97,93,81,Нижний Новгород,Chery
ПЦП автосалона,10088: АСП Тюмень Exeed,98,93,89,Тюмень,Exeed
ПЦП автосалона,10089: !АСП Тюмень Toyota действующий,99,97,92,Тюмень,Toyota
ПЦП автосалона,10120: АСП Toyota - Екатеринбург,99,97,92,Екатеринбург,Toyota
Выкуп с улицы: поправка ПЦП,Категория А,0.0,,,,
Выкуп с улицы: поправка ПЦП,Категория В,1.0,,,,
Выкуп с улицы: поправка ПЦП,Категория С,6.0,,,,
Полномочия ДДЦ,+ п.п. к ПЦП,3.0,,,,
Доходность Категория А,0-500000,24.0,90000,,,
Доходность Категория А,500001-800000,19.0,120000,,,
Доходность Категория А,800001-1200000,16.0,150000,,,
Доходность Категория А,1200001-1500000,14.0,180000,,,
Доходность Категория А,1500001-2000000,13.0,210000,,,
Доходность Категория А,2000001-∞,11.0,250000,,,
Доходность Категория В и С,0-500000,27.0,90000,,,
Доходность Категория В и С,500001-800000,22.0,130000,,,
Доходность Категория В и С,800001-1200000,18.0,160000,,,
Доходность Категория В и С,1200001-1500000,16.0,190000,,,
Доходность Категория В и С,1500001-2000000,15.0,230000,,,
Доходность Категория В и С,2000001-∞,12.0,250000,,,
Плоская ставка по типу приёма,Выкуп с улицы,17.0,200000,,,
Плоская ставка по типу приёма,Trade-In на ПИ,17.0,200000,,,
Потолок к Авито,Категория А,85.0,85.0,,,
Потолок к Авито,Категория В,80.0,80.0,,,
Потолок к Авито,Категория С,72.0,70.0,,,
GM2 формула,Фикс. расход 1,15000,,,,
GM2 формула,% от цены выкупа,1.75,1.5,,,
GM2 формула,Фикс. расход 2,40000,,,,
