Раздел,Параметр,Значение1,Значение2
Окрасы,Не более 1,10,
Окрасы,2 - 3 окраса,5,
Окрасы,4 и более,-5,
Тех.состояние,Не требует вложений,10,
Тех.состояние,Легко устранимые тех. недостатки.,10,
Тех.состояние,Серьезные недостатки. Не корректная работа ДВС КПП и тд,-15,
Доп.данные,Не применимо,0,
Доп.данные,Использовался в такси каршеринге,-20,
Доп.данные,Более 3х ДТП,-11,
Порог категории,Категория А,20,
Порог категории,Категория В,10,
ПЦП коэффициент,Категория А,1,1.05
ПЦП коэффициент,Категория В,0.95,0.99
ПЦП коэффициент,Категория С,0.9,0.949
Доходность Категория А,0-500000,0.25,70000
Доходность Категория А,500001-800000,0.2,130000
Доходность Категория А,800001-1200000,0.33,150000
Доходность Категория А,1200001-1500000,0.145,
Доходность Категория А,1500001-2000000,0.13,
Доходность Категория А,2000001-∞,0.12,
Доходность Категория В и С,0-500000,0.25,70000
Доходность Категория В и С,500001-800000,0.2,130000
Доходность Категория В и С,800001-1200000,0.16,150000
Доходность Категория В и С,1200001-1500000,0.145,
Доходность Категория В и С,1500001-2000000,0.13,
Доходность Категория В и С,2000001-∞,0.12,
Плоская ставка по типу приёма,Trade-Up,0.12,100000
Плоская ставка по типу приёма,Выкуп с улицы,0.14,200000
Плоская ставка по типу приёма,Trade-In на ПИ,0.14,200000
